applicant_id,annual_income,loan_amount,credit_score,employment_years,num_existing_loans,loan_purpose,defaulted
1,65007.61,33769.91,674,6,1,business,0
2,79389.31,36683.37,728,11,1,education,0
3,41632.55,15862.18,754,5,1,debt_consolidation,0
4,33305.62,14660.97,688,2,0,personal,0
5,95247.99,14688.12,662,4,1,debt_consolidation,0
6,52951.96,22432.86,542,6,3,education,1
7,47103.09,4804.42,555,8,0,personal,0
8,47050.73,6340.33,474,15,1,home_improvement,0
9,101477.41,7630.7,693,12,0,education,0
10,55881.51,9614.89,753,6,2,business,0
11,61169.98,16543.24,489,6,4,education,0
12,45339.89,27238.87,764,6,0,education,0
13,49393.78,25627.36,791,5,0,education,0
14,41837.65,4446.64,694,4,2,personal,0
15,62613.14,50000.0,803,4,1,education,0
16,28129.46,50000.0,676,8,1,home_improvement,1
17,55097.71,42179.97,579,10,0,education,0
18,40819.27,8244.08,653,6,1,business,0
19,37916.72,9463.99,808,8,3,debt_consolidation,0
20,61274.34,4435.46,630,10,2,personal,0
21,49036.21,16325.77,713,4,2,business,0
22,29832.95,16163.43,723,6,1,home_improvement,0
23,31494.97,10354.85,774,7,2,education,0
24,54199.36,7048.31,530,1,3,personal,0
25,33147.09,15610.09,790,5,1,personal,0
26,21405.72,11867.88,604,12,1,personal,1
27,74004.26,17546.91,801,5,1,business,0
28,26399.49,39862.47,650,5,1,debt_consolidation,1
29,41021.08,21342.73,651,8,3,debt_consolidation,1
30,31002.96,15831.64,741,12,2,home_improvement,0
31,30596.23,15345.93,784,4,2,business,1
32,58108.72,6460.34,642,8,1,business,0
33,35320.93,12883.84,657,1,3,business,0
34,43840.31,16612.23,631,8,2,education,0
35,20000.0,25479.74,633,9,1,business,1
36,117579.89,21362.4,719,9,1,business,0
37,58634.02,11148.16,672,5,1,personal,0
38,98535.46,34958.32,780,7,0,personal,0
39,92852.63,3413.64,624,7,2,personal,0
40,88769.21,19889.82,740,8,1,business,0
41,43312.05,6845.99,736,11,2,business,0
42,50157.71,39038.07,657,7,3,personal,1
43,29786.45,26730.89,659,7,1,home_improvement,1
44,51224.97,4772.54,718,5,1,home_improvement,0
45,26313.63,6615.16,624,7,2,debt_consolidation,0
46,99340.7,3972.68,650,8,2,education,0
47,76756.49,22712.52,575,9,2,education,0
48,66931.65,18337.63,607,4,2,debt_consolidation,0
49,37023.11,25218.87,597,13,3,personal,0
50,87908.67,2067.45,605,7,0,personal,0
51,22237.95,7524.35,539,8,1,business,0
52,46500.24,22342.83,547,3,1,education,1
53,52921.88,32639.48,749,7,1,business,0
54,110696.52,10469.6,668,5,1,business,0
55,25643.09,16337.41,779,9,2,education,0
56,96560.4,23104.31,763,2,4,personal,0
57,87444.99,39414.87,642,8,1,home_improvement,0
58,89835.42,4496.87,605,7,0,personal,0
59,36801.19,11514.2,692,5,2,personal,0
60,61377.72,4602.77,644,3,1,business,0
61,76983.4,18432.46,730,13,4,business,0
62,56788.54,4849.9,520,4,0,business,0
63,58596.47,13355.75,706,3,0,education,0
64,62507.2,14495.98,807,7,1,education,0
65,35641.72,7580.0,648,5,0,debt_consolidation,0
66,35362.23,26935.48,729,5,1,business,0
67,72269.27,15744.21,581,5,1,education,0
68,36281.61,13805.66,631,5,0,debt_consolidation,0
69,57865.58,8225.38,609,5,1,business,0
70,25826.76,11636.47,802,4,1,business,0
71,44053.17,7073.23,836,8,1,home_improvement,0
72,104109.23,10728.48,640,8,2,education,0
73,54646.57,13470.51,784,5,1,debt_consolidation,0
74,88973.57,50000.0,726,6,0,business,0
75,113688.51,12663.79,649,5,1,education,0
76,77084.0,8123.82,807,9,1,debt_consolidation,0
77,61039.56,5429.63,633,8,0,home_improvement,0
78,46588.69,20900.63,628,7,0,debt_consolidation,0
79,44064.57,6424.91,598,12,1,business,0
80,41752.59,17437.69,751,9,3,personal,0
81,85022.13,35178.34,603,9,0,personal,0
82,54673.87,22727.68,668,7,1,home_improvement,1
83,75275.71,6938.9,652,8,0,business,0
84,111792.82,15779.24,638,12,0,business,0
85,128877.45,32992.95,661,7,1,education,0
86,69555.59,16922.44,646,4,0,personal,0
87,69401.56,11573.29,806,10,1,education,0
88,44357.5,24984.1,715,12,0,business,0
89,78500.45,19012.35,687,7,0,home_improvement,0
90,32086.76,14684.84,646,13,4,personal,0
91,51539.49,21489.2,579,11,3,education,0
92,29487.22,16372.58,629,4,1,home_improvement,0
93,25708.62,9680.51,678,8,3,business,0
94,57589.86,15327.76,675,7,0,debt_consolidation,0
95,30069.11,11147.36,692,8,2,debt_consolidation,0
96,37494.14,29927.41,797,7,1,personal,0
97,60966.37,11043.48,644,5,1,home_improvement,0
98,79116.37,11067.77,792,8,1,education,0
99,131478.12,23747.81,663,6,0,home_improvement,0
100,20000.0,11347.87,695,9,0,personal,1
101,31890.53,14284.77,672,7,0,business,0
102,20000.0,10520.52,786,11,1,home_improvement,0
103,26002.59,7728.17,612,7,1,personal,1
104,63724.79,10845.37,743,7,1,personal,0
105,48313.41,8693.77,819,7,2,education,0
106,22005.5,50000.0,671,5,1,business,1
107,57863.89,11008.29,448,11,0,home_improvement,0
108,106230.83,9572.79,590,13,0,personal,0
109,28963.86,24510.08,645,5,4,business,1
110,60528.27,23625.69,711,7,3,education,0
111,108992.18,7083.14,785,5,0,personal,0
112,31529.51,15689.66,671,8,1,education,1
113,47020.48,11102.89,644,4,1,business,0
114,23498.92,16311.46,733,4,1,education,0
115,96448.05,11094.49,666,4,2,home_improvement,0
116,60400.84,3152.73,682,3,0,education,0
117,36161.95,19628.33,641,17,0,debt_consolidation,0
118,44670.0,18317.21,810,5,2,debt_consolidation,0
119,78313.39,5633.05,695,9,4,debt_consolidation,0
120,22033.69,26818.15,774,9,1,debt_consolidation,0
121,32553.41,26826.56,709,7,2,home_improvement,0
122,54740.61,30959.17,769,10,0,personal,0
123,76579.02,4518.44,748,10,1,debt_consolidation,0
124,61582.03,24125.35,747,7,1,debt_consolidation,0
125,23780.09,7394.01,717,8,1,personal,0
126,80765.05,5677.77,558,4,2,debt_consolidation,0
127,88447.47,9322.48,555,3,1,personal,0
128,81026.86,11385.6,597,8,0,debt_consolidation,0
129,49521.5,9329.0,774,6,1,personal,0
130,36876.62,30646.64,732,5,0,personal,0
131,100928.07,6470.56,653,13,0,business,0
132,38799.39,26389.25,796,10,0,education,0
133,52446.61,9888.78,760,10,0,personal,0
134,77879.2,14270.59,722,7,2,debt_consolidation,0
135,92478.47,10998.68,737,3,2,home_improvement,0
136,34191.05,7589.06,727,8,3,personal,0
137,94008.28,7467.81,581,2,0,debt_consolidation,0
138,37371.22,5337.06,683,4,3,personal,0
139,73211.76,5014.12,723,3,1,business,0
140,68243.85,11836.69,677,6,1,home_improvement,0
141,50768.26,34932.7,622,7,0,home_improvement,1
142,24755.9,6107.68,542,5,1,debt_consolidation,0
143,29612.22,15108.56,614,8,1,education,0
144,80558.55,12039.8,754,11,2,business,0
145,61745.62,33006.52,724,3,0,education,0
146,64814.88,18637.13,553,10,1,home_improvement,0
147,42641.46,8476.19,740,7,0,home_improvement,0
148,40625.27,5809.05,575,6,1,education,0
149,62016.56,3466.27,664,13,2,personal,0
150,41640.3,7836.15,745,3,1,education,0
151,61620.86,50000.0,654,8,1,education,0
152,27256.88,8855.33,568,11,2,personal,1
153,51200.3,3566.56,470,4,1,personal,0
154,34184.58,4213.07,604,9,4,personal,1
155,54979.59,40479.48,645,6,2,business,1
156,28420.75,9773.53,711,4,2,home_improvement,0
157,93888.52,17714.61,631,4,3,home_improvement,0
158,21743.07,16620.23,638,4,1,personal,0
159,83002.72,8596.67,638,5,3,personal,0
160,41902.43,9596.62,623,11,0,business,0
161,66935.0,6925.69,828,9,1,business,0
162,61833.98,3717.99,700,4,3,debt_consolidation,0
163,37790.16,27365.94,604,7,3,education,0
164,39897.36,23416.55,511,5,0,home_improvement,1
165,82840.44,13182.17,690,5,0,home_improvement,0
166,53139.96,14089.6,796,3,2,business,0
167,42770.91,26653.76,720,7,2,education,0
168,40152.45,2697.27,850,10,0,business,0
169,43624.98,19197.21,633,5,0,debt_consolidation,0
170,112214.95,27490.29,722,4,2,debt_consolidation,0
171,104006.85,50000.0,559,6,2,debt_consolidation,0
172,114485.41,25571.43,538,5,2,business,0
173,111892.97,40811.75,665,7,3,education,0
174,34487.75,11461.55,773,8,2,personal,0
175,50782.34,13521.1,814,4,0,home_improvement,0
176,36361.85,7592.53,684,4,1,personal,0
177,76685.69,8726.28,607,6,1,education,0
178,45296.05,25879.19,503,9,1,business,0
179,39649.35,18108.66,631,14,2,business,0
180,40285.07,19327.7,675,6,0,business,0
181,33917.38,4562.01,633,4,1,debt_consolidation,0
182,69807.53,18952.96,535,8,0,debt_consolidation,0
183,64000.73,34865.13,679,6,0,debt_consolidation,0
184,34452.51,18289.11,651,4,0,personal,0
185,77241.14,6833.35,715,6,0,home_improvement,0
186,57797.35,13034.54,613,5,0,business,0
187,30375.75,36174.69,648,9,0,business,0
188,29086.43,16640.85,679,7,1,personal,0
189,30954.8,32526.42,707,5,4,home_improvement,1
190,77555.24,50000.0,639,3,0,home_improvement,0
191,102788.66,11767.09,616,12,2,personal,0
192,20000.0,6364.48,589,6,3,business,0
193,26990.03,9462.86,683,8,0,education,0
194,93789.64,50000.0,646,3,3,education,0
195,42472.51,24107.62,813,8,3,home_improvement,0
196,82955.83,15931.78,662,6,1,home_improvement,0
197,51046.45,28560.85,688,8,1,business,0
198,57323.05,9804.23,751,4,2,home_improvement,0
199,84887.1,10707.03,761,4,0,personal,0
200,48364.71,8204.45,641,3,0,education,0
201,32153.36,50000.0,827,12,1,education,0
202,65321.8,15319.25,847,9,0,home_improvement,0
203,40052.91,12488.0,650,7,1,personal,0
204,153088.75,15653.38,677,8,2,home_improvement,0
205,45356.09,12593.73,702,7,5,home_improvement,0
206,63841.47,7370.39,615,6,0,personal,0
207,77827.36,28561.18,672,12,1,personal,1
208,89745.94,4128.8,597,2,1,debt_consolidation,0
209,88271.12,15542.74,671,9,0,education,0
210,88238.52,20875.85,664,4,1,home_improvement,0
211,46742.29,4608.61,706,9,0,business,0
212,72943.59,18527.41,719,9,0,home_improvement,0
213,20000.0,9787.17,673,8,0,home_improvement,0
214,67837.59,4251.01,780,12,0,business,0
215,69543.94,15247.59,601,7,1,education,0
216,74709.11,25608.9,646,7,1,debt_consolidation,0
217,76455.57,50000.0,621,14,1,personal,0
218,76974.91,10159.4,798,2,1,debt_consolidation,0
219,41441.81,18918.1,662,7,1,home_improvement,0
220,43390.73,25660.68,663,9,1,home_improvement,0
221,69608.87,14735.23,782,6,1,business,0
222,20326.31,22301.88,556,9,1,business,1
223,23662.36,9910.54,596,4,0,home_improvement,1
224,36612.62,11790.99,668,9,0,debt_consolidation,1
225,40010.72,5549.08,633,4,1,debt_consolidation,0
226,56960.29,10284.38,749,8,1,education,0
227,140103.84,4214.92,565,4,2,home_improvement,0
228,39226.59,4499.57,726,6,2,personal,0
229,61962.52,24787.56,599,16,3,personal,0
230,21809.98,5405.07,700,9,1,debt_consolidation,1
231,39364.86,25733.29,750,3,2,business,0
232,69964.54,11957.26,829,5,2,business,0
233,40644.31,11976.01,559,4,0,debt_consolidation,1
234,36322.63,7953.73,688,9,1,education,0
235,20000.0,13077.3,756,2,1,home_improvement,0
236,33656.39,39299.37,685,3,1,personal,1
237,86602.01,8050.4,710,7,1,debt_consolidation,0
238,39581.84,10480.02,623,7,0,business,0
239,51339.1,23190.12,653,6,0,home_improvement,0
240,33820.44,5945.84,617,11,1,personal,0
241,42315.27,5570.36,728,12,1,education,0
242,89284.96,12915.82,828,3,0,debt_consolidation,0
243,39304.2,30930.63,692,11,1,home_improvement,0
244,34035.89,12567.26,684,7,1,personal,0
245,90429.52,11019.98,508,6,1,education,0
246,48318.72,13045.52,674,6,0,business,0
247,42195.44,12544.03,725,5,3,home_improvement,0
248,53610.85,8491.89,547,9,3,debt_consolidation,0
249,83432.28,25627.67,692,5,1,personal,0
250,52361.24,15633.12,678,10,1,business,0
251,34674.25,9338.9,519,9,3,business,0
252,52123.37,13969.75,713,7,0,personal,0
253,22406.17,10636.49,646,10,0,personal,0
254,31041.06,4941.44,690,3,4,personal,0
255,57970.88,50000.0,705,5,0,home_improvement,0
256,49762.52,14652.29,619,6,0,debt_consolidation,0
257,59776.19,6645.73,707,15,1,business,0
258,60791.4,5989.39,639,8,2,education,0
259,74020.96,4721.74,691,9,3,personal,0
260,51808.26,7983.88,628,8,1,debt_consolidation,0
261,81338.48,5824.63,766,12,2,education,0
262,61690.93,11470.04,735,8,0,home_improvement,0
263,63428.99,42133.5,652,7,1,business,0
264,32295.31,8173.94,736,9,3,debt_consolidation,0
265,34267.5,50000.0,646,7,0,debt_consolidation,0
266,37702.95,21133.31,697,6,0,business,0
267,126888.01,50000.0,612,9,4,business,0
268,97230.93,5395.73,757,6,2,personal,0
269,31494.3,8181.62,670,6,1,business,0
270,48528.14,8491.31,626,12,1,debt_consolidation,0
271,32888.88,12664.71,698,7,3,personal,0
272,33353.48,21507.08,540,8,0,business,0
273,81202.48,4599.58,599,9,2,education,0
274,23524.71,24558.56,656,3,0,education,1
275,62063.24,8181.07,690,7,0,business,0
276,47513.37,47875.99,689,6,1,debt_consolidation,1
277,80699.46,17104.85,636,6,2,personal,0
278,53985.14,32129.89,726,3,0,personal,0
279,103585.79,9708.89,581,6,2,personal,0
280,49964.16,19622.49,658,5,1,home_improvement,0
281,78965.81,9608.79,765,3,4,business,0
282,54679.39,20463.84,726,5,3,home_improvement,0
283,50868.73,15790.44,781,16,1,home_improvement,0
284,90031.08,39062.31,850,7,0,education,0
285,51027.83,25797.34,631,5,2,personal,1
286,53451.45,18635.34,707,9,2,home_improvement,0
287,34607.22,15261.97,615,9,1,debt_consolidation,0
288,49960.68,14098.12,592,4,2,business,0
289,20000.0,4711.52,714,8,0,debt_consolidation,0
290,39425.42,6056.21,682,10,1,personal,0
291,57875.08,7097.52,648,7,0,education,0
292,45569.25,42659.54,725,5,1,debt_consolidation,0
293,43971.6,9202.66,650,6,1,debt_consolidation,0
294,65145.92,9755.61,559,7,0,home_improvement,0
295,107348.24,20476.27,734,3,1,debt_consolidation,0
296,40136.85,7027.45,625,11,0,education,0
297,75557.49,35904.33,740,8,1,debt_consolidation,0
298,48552.06,2229.57,708,9,3,debt_consolidation,0
299,63721.62,31708.96,469,9,1,personal,0
300,133879.21,48985.16,656,7,0,education,0
301,78062.14,16981.24,604,9,0,debt_consolidation,0
302,91897.01,8211.66,754,10,0,personal,0
303,40042.89,25973.4,634,6,0,business,0
304,46901.82,7932.57,747,5,0,debt_consolidation,0
305,28593.28,50000.0,685,9,0,debt_consolidation,1
306,36185.38,19874.14,633,5,3,personal,1
307,54245.37,7034.07,720,10,2,personal,0
308,34637.33,23870.07,750,11,0,personal,0
309,55078.24,6481.69,585,4,0,debt_consolidation,0
310,39041.28,7681.87,557,5,0,home_improvement,1
311,52739.79,22952.63,673,6,0,home_improvement,0
312,68569.54,8172.15,647,5,0,personal,0
313,65940.3,14567.98,718,7,0,home_improvement,0
314,60426.51,20027.8,743,4,1,business,0
315,95113.5,8340.66,547,3,1,home_improvement,0
316,20000.0,9123.83,649,13,1,home_improvement,0
317,48290.24,44458.93,555,10,3,debt_consolidation,1
318,72322.89,21525.07,571,4,1,home_improvement,0
319,20000.0,13262.72,545,11,1,personal,0
320,116318.57,12584.27,649,9,3,debt_consolidation,0
321,42175.1,5795.06,553,7,2,home_improvement,0
322,34949.98,18665.79,626,11,0,business,0
323,71955.13,14450.02,610,10,0,debt_consolidation,0
324,33292.51,25382.39,652,9,2,debt_consolidation,1
325,96269.96,3077.29,679,7,3,debt_consolidation,0
326,49524.03,11609.22,673,9,4,home_improvement,0
327,99619.7,12566.67,581,11,0,personal,0
328,90756.48,16932.6,676,3,0,education,0
329,52106.69,15721.71,646,2,1,education,0
330,34881.98,19310.07,716,8,2,education,0
331,116908.7,11650.36,626,5,0,home_improvement,0
332,22968.39,5578.55,726,6,0,business,0
333,41376.24,4810.54,601,10,0,debt_consolidation,0
334,75643.33,12793.86,605,8,1,debt_consolidation,0
335,23550.4,50000.0,671,4,0,personal,1
336,26618.77,20091.62,542,12,2,debt_consolidation,0
337,44751.98,50000.0,609,10,3,personal,1
338,56311.28,21729.5,771,10,0,home_improvement,0
339,20000.0,6390.55,733,2,3,education,0
340,86357.12,12213.63,649,7,1,personal,0
341,45435.08,50000.0,850,11,1,personal,0
342,69826.86,22983.81,666,9,1,debt_consolidation,0
343,33748.99,22509.96,692,13,2,home_improvement,0
344,40476.82,8228.49,795,7,0,education,0
345,57027.62,13413.11,705,8,1,home_improvement,0
346,53030.09,6316.55,654,8,1,education,0
347,68661.19,9851.96,735,8,0,business,0
348,70375.76,14933.31,728,7,2,home_improvement,0
349,27465.48,8678.09,621,3,2,business,0
350,53905.32,26103.44,662,5,1,education,0
351,45116.21,8914.68,691,5,0,personal,0
352,59753.12,16727.98,691,9,1,business,0
353,41778.79,26676.05,610,4,1,education,0
354,50323.91,50000.0,703,1,3,education,1
355,129815.13,17259.24,650,10,0,business,0
356,27165.23,6512.32,717,8,2,home_improvement,1
357,39151.29,13217.0,750,9,0,personal,0
358,20000.0,50000.0,614,3,1,education,1
359,37457.08,25979.23,650,13,1,home_improvement,0
360,28191.62,15288.96,694,3,1,education,0
361,129790.51,19968.08,738,3,1,education,0
362,41632.86,16247.98,634,12,2,education,0
363,40044.73,5469.04,682,6,3,home_improvement,0
364,67771.91,15425.58,809,10,0,debt_consolidation,0
365,28687.66,8207.48,745,9,2,personal,0
366,71997.26,9118.07,660,8,0,personal,0
367,70788.81,10954.9,829,9,0,debt_consolidation,0
368,107383.18,3116.59,717,6,0,education,0
369,64455.01,11880.29,819,8,0,debt_consolidation,0
370,20000.0,4123.08,769,8,1,business,0
371,86638.83,24005.14,850,4,0,business,0
372,200000.0,3177.37,798,7,3,home_improvement,0
373,48320.6,3966.54,643,4,0,home_improvement,0
374,49045.32,3579.06,744,8,3,business,0
375,38397.61,16622.02,608,4,1,debt_consolidation,0
376,21645.93,13303.73,753,6,2,home_improvement,0
377,58893.87,44119.71,816,6,2,debt_consolidation,0
378,37253.38,18078.61,613,5,0,home_improvement,1
379,57916.78,3896.16,739,6,3,personal,1
380,58808.48,7412.41,731,7,0,debt_consolidation,0
381,126693.17,15290.68,733,7,1,business,0
382,40095.82,16848.91,585,9,3,business,0
383,26340.66,3816.72,642,6,2,home_improvement,0
384,56507.52,25118.77,705,5,0,debt_consolidation,0
385,46676.19,7285.19,650,7,0,education,0
386,124950.63,7389.07,603,5,3,business,0
387,74322.81,28322.93,757,3,2,business,0
388,45881.86,13460.02,628,5,3,debt_consolidation,0
389,81681.8,16947.26,677,5,1,debt_consolidation,0
390,85611.82,19340.7,850,4,4,home_improvement,0
391,30619.07,4491.34,762,5,1,education,0
392,61407.06,15910.43,683,5,1,business,0
393,148700.5,50000.0,712,8,0,debt_consolidation,0
394,23315.45,11541.09,703,6,5,business,1
395,33661.33,17374.3,563,3,4,education,0
396,44293.71,50000.0,707,6,3,personal,1
397,63457.02,39375.74,771,10,1,personal,0
398,57707.23,9825.19,673,7,0,education,0
399,54398.92,18838.56,739,6,0,debt_consolidation,0
400,44379.88,22643.37,721,6,1,personal,0
401,57328.06,50000.0,732,12,1,debt_consolidation,0
402,99479.01,7051.56,595,15,1,home_improvement,0
403,115252.69,50000.0,712,6,2,business,0
404,84290.98,16358.26,817,8,0,home_improvement,0
405,89951.94,10732.27,678,5,1,personal,0
406,51208.01,20643.13,659,7,1,personal,0
407,181407.13,10362.54,746,10,1,debt_consolidation,0
408,23853.92,10568.46,754,8,1,personal,0
409,55677.18,8970.56,777,8,0,debt_consolidation,0
410,71574.12,9119.61,670,10,1,education,0
411,50877.95,4100.83,722,9,0,personal,0
412,85568.43,4260.84,835,9,2,education,0
413,45328.76,7614.02,615,7,1,education,0
414,93462.04,16122.25,569,11,0,business,0
415,52218.0,8045.91,743,9,2,debt_consolidation,0
416,40526.89,50000.0,714,3,0,education,0
417,38071.07,20883.89,647,8,0,business,0
418,56666.46,8354.76,628,9,3,personal,0
419,36483.93,47307.32,673,7,0,personal,1
420,20000.0,11486.32,761,2,1,education,0
421,20000.0,11421.85,755,4,0,personal,0
422,38352.12,20943.97,697,5,0,debt_consolidation,0
423,41308.93,12686.62,641,4,1,personal,0
424,91829.79,14309.03,479,4,0,home_improvement,0
425,58509.29,21387.53,716,7,2,personal,0
426,52480.66,6010.35,733,7,1,education,0
427,33945.08,12396.83,668,6,1,business,0
428,200000.0,6923.4,850,7,0,debt_consolidation,0
429,49452.56,17061.28,620,11,1,debt_consolidation,0
430,78565.27,4975.44,798,8,1,business,0
431,49665.82,40229.28,741,7,2,debt_consolidation,0
432,65797.62,8828.33,665,3,0,education,0
433,24082.96,10577.62,551,6,1,education,0
434,59642.14,12327.99,791,5,2,business,0
435,51549.05,6794.54,684,4,2,education,0
436,51958.05,15719.57,824,6,1,home_improvement,0
437,84778.65,29044.15,685,5,1,education,0
438,22191.52,10604.3,796,7,1,debt_consolidation,0
439,38759.73,9926.34,565,5,2,business,0
440,20000.0,20965.97,572,9,3,home_improvement,1
441,42986.63,20088.14,647,8,0,education,1
442,84888.19,14574.93,506,4,3,home_improvement,0
443,80413.15,31320.67,705,10,2,personal,0
444,43928.98,17840.36,619,7,1,personal,1
445,54402.02,46248.92,740,3,1,home_improvement,0
446,40842.18,10807.96,525,3,1,personal,0
447,50137.39,6003.94,772,8,0,personal,0
448,85471.34,35375.65,686,8,0,personal,0
449,115514.42,3887.14,752,8,0,business,0
450,70227.2,7397.6,666,7,3,business,0
451,47415.74,6707.51,546,9,0,personal,0
452,117765.99,13943.41,785,8,1,debt_consolidation,0
453,65730.98,12657.13,739,9,5,personal,0
454,42897.95,31227.44,756,8,2,personal,0
455,45821.45,13996.67,690,10,1,personal,0
456,39630.48,8939.21,827,5,1,debt_consolidation,0
457,71026.07,10974.19,850,1,0,debt_consolidation,0
458,57404.37,6925.94,790,11,2,personal,0
459,54614.7,21213.58,566,5,1,education,0
460,36700.82,37850.01,700,11,5,home_improvement,1
461,131862.46,15463.26,626,10,0,business,0
462,45772.12,13194.09,572,8,4,home_improvement,1
463,87294.24,18509.91,670,6,0,business,0
464,29714.17,9716.59,772,5,1,home_improvement,0
465,64137.28,12103.25,645,7,1,debt_consolidation,0
466,35880.38,11896.93,633,5,0,personal,0
467,64392.77,21875.56,655,6,1,business,0
468,32810.67,10194.83,847,6,1,personal,0
469,27207.25,3034.51,722,5,4,personal,1
470,30373.88,6041.84,623,4,0,debt_consolidation,0
471,22311.31,50000.0,819,9,0,business,1
472,34179.69,11915.25,690,5,4,education,0
473,73403.55,18968.02,612,8,1,debt_consolidation,0
474,33564.07,12607.2,640,8,2,personal,0
475,35516.16,12680.42,614,7,1,business,0
476,57790.46,6111.68,669,5,1,debt_consolidation,0
477,20000.0,44028.0,674,5,0,debt_consolidation,1
478,68847.17,7916.08,695,14,0,education,0
479,47375.81,7785.56,637,7,1,home_improvement,0
480,60748.23,17462.81,729,7,0,business,0
481,46600.11,30199.12,808,4,1,business,0
482,42691.04,11029.4,633,10,1,business,0
483,77357.81,3600.56,783,5,1,business,0
484,48352.1,3681.41,696,7,2,home_improvement,0
485,66569.35,39418.8,667,6,1,debt_consolidation,0
486,80900.88,14062.44,739,6,2,debt_consolidation,0
487,27000.75,33864.35,720,8,2,home_improvement,1
488,34608.86,15750.89,731,7,2,debt_consolidation,0
489,32372.99,7358.04,624,8,1,home_improvement,0
490,41223.3,17551.96,600,7,1,home_improvement,0
491,53252.7,16115.99,511,7,1,debt_consolidation,0
492,31415.07,18950.61,712,9,1,debt_consolidation,0
493,32728.42,14155.33,607,4,0,home_improvement,0
494,41089.1,9550.71,634,8,0,education,0
495,77085.91,29797.87,672,8,0,personal,0
496,37806.46,12779.67,581,7,1,business,0
497,51392.15,15757.49,795,6,0,home_improvement,0
498,42223.52,6731.61,658,5,0,debt_consolidation,0
499,46373.8,6268.54,723,9,0,home_improvement,0
500,35149.44,7598.03,750,3,1,debt_consolidation,0
501,20000.0,6253.01,536,9,0,home_improvement,0
502,35548.45,2949.03,651,8,1,debt_consolidation,0
503,54858.28,8619.4,747,6,0,education,0
504,50646.88,38808.56,600,7,1,personal,0
505,69407.67,9945.98,706,13,3,debt_consolidation,0
506,23454.01,5525.3,609,8,1,education,0
507,59040.9,21953.47,712,7,3,personal,0
508,37214.89,12302.09,636,5,1,debt_consolidation,1
509,33390.28,10276.98,687,7,0,business,0
510,63647.51,5762.16,783,4,2,home_improvement,0
511,72832.63,13427.16,737,8,5,home_improvement,0
512,86987.74,13686.18,622,8,1,home_improvement,0
513,64651.37,16548.84,722,3,0,debt_consolidation,0
514,46533.84,14069.08,712,9,4,business,0
515,23504.71,12093.52,774,9,1,business,0
516,91199.06,13376.05,687,8,0,business,0
517,54924.01,12369.21,685,16,0,personal,0
518,30887.95,4756.51,744,3,1,debt_consolidation,0
519,54555.34,50000.0,745,3,2,education,1
520,23578.88,20351.03,850,3,1,personal,0
521,96371.64,14780.4,803,4,0,debt_consolidation,0
522,40191.26,11364.35,682,8,3,business,0
523,28244.49,11866.22,673,6,2,debt_consolidation,0
524,93417.12,16381.83,620,14,1,business,0
525,25331.0,35672.23,561,7,0,education,1
526,48376.47,8253.75,689,7,2,business,1
527,52402.39,16158.65,509,9,3,personal,0
528,25506.12,4304.12,838,9,2,debt_consolidation,0
529,40071.49,23598.01,615,5,1,home_improvement,1
530,20000.0,16982.24,783,7,2,business,1
531,39500.31,12431.78,671,9,1,business,0
532,20000.0,2938.97,726,7,2,home_improvement,0
533,76535.56,8945.95,579,2,0,personal,0
534,35803.58,6922.52,727,10,1,education,0
535,26794.71,7045.25,691,7,1,education,0
536,54348.47,3642.81,837,8,4,personal,0
537,20372.66,10341.71,579,5,0,debt_consolidation,0
538,33863.27,47805.13,575,2,3,education,1
539,70458.02,21946.44,598,6,1,personal,0
540,24293.25,13863.96,518,6,3,business,0
541,42584.48,19633.87,613,7,1,home_improvement,0
542,32265.11,50000.0,604,7,0,debt_consolidation,1
543,20000.0,6630.49,678,7,3,debt_consolidation,1
544,27378.24,7735.16,684,6,0,business,0
545,34459.44,9500.12,561,9,1,education,0
546,55181.15,4959.14,777,10,3,debt_consolidation,0
547,97453.33,16732.05,727,6,0,home_improvement,0
548,48454.48,10776.33,755,11,0,business,0
549,51691.94,20679.29,776,8,3,debt_consolidation,0
550,71433.25,23924.19,603,5,2,business,0
551,60552.62,33646.95,634,10,5,education,1
552,35037.78,22162.14,712,9,0,personal,0
553,36682.26,10263.4,784,4,1,business,0
554,65049.79,9350.01,706,11,1,education,0
555,62727.69,6682.21,680,1,1,debt_consolidation,0
556,54266.27,13802.18,627,4,1,debt_consolidation,0
557,35840.95,17165.92,576,9,2,education,0
558,110378.69,4706.03,774,6,0,debt_consolidation,0
559,32813.3,30033.04,651,4,1,debt_consolidation,0
560,46413.89,13607.41,686,12,2,debt_consolidation,0
561,99034.8,10253.42,817,2,2,education,0
562,52087.07,6563.87,653,11,2,education,0
563,47536.5,35728.2,687,7,2,business,0
564,56732.67,19073.06,644,6,2,home_improvement,0
565,35541.1,24435.42,578,4,1,personal,1
566,46785.17,12383.37,708,7,1,debt_consolidation,0
567,70913.43,41427.53,525,10,1,home_improvement,0
568,78342.46,23777.29,798,8,0,home_improvement,0
569,108862.62,33725.41,517,4,1,education,0
570,33857.45,30170.97,660,9,1,education,1
571,94740.33,8637.98,640,7,0,home_improvement,0
572,66260.5,15433.87,771,9,0,education,0
573,84189.43,33993.16,625,4,1,business,0
574,25173.06,18811.52,555,4,0,business,0
575,33657.76,6690.74,577,8,1,personal,0
576,55013.96,14217.76,513,4,1,personal,0
577,69766.83,23660.88,752,12,3,personal,1
578,39552.5,4813.26,829,5,1,debt_consolidation,0
579,40702.22,6779.04,779,5,2,business,0
580,28826.3,4940.54,686,10,0,debt_consolidation,0
581,38159.47,18630.25,709,3,0,business,0
582,40486.9,39798.36,654,6,0,home_improvement,0
583,40610.55,3228.66,638,12,4,debt_consolidation,0
584,31254.29,15455.97,722,3,1,personal,0
585,128115.28,8558.06,576,10,0,business,0
586,81662.84,44171.34,726,9,0,personal,0
587,68368.67,15560.51,679,5,2,education,0
588,86951.78,24308.64,735,10,0,business,0
589,65467.15,35410.02,723,11,1,business,0
590,149861.17,15111.28,584,12,2,personal,0
591,32776.12,3783.52,743,2,0,personal,0
592,20000.0,12292.95,804,9,1,personal,0
593,31487.15,15479.52,744,10,1,business,0
594,20000.0,5874.17,609,5,3,home_improvement,1
595,26485.14,3563.18,752,7,3,education,0
596,36130.74,5076.13,718,4,0,personal,0
597,45643.74,33916.71,531,5,2,home_improvement,1
598,83633.07,5898.47,663,8,0,personal,0
599,113001.87,50000.0,747,5,2,business,0
600,56824.16,36394.99,675,5,0,home_improvement,0
601,26643.36,25364.31,724,9,0,business,1
602,38041.37,4526.22,635,3,4,debt_consolidation,1
603,42328.25,35753.94,705,5,2,personal,0
604,39591.47,9391.33,780,14,2,education,0
605,25012.14,3706.72,721,10,2,home_improvement,0
606,93157.19,15991.65,701,7,1,debt_consolidation,0
607,22666.54,18345.12,689,11,2,personal,1
608,37593.03,7640.84,674,10,0,debt_consolidation,0
609,52463.49,8771.49,622,5,4,home_improvement,0
610,53419.63,11792.1,655,6,3,education,0
611,40010.06,11577.86,695,8,0,home_improvement,0
612,57138.05,22561.04,522,7,3,education,0
613,28794.53,11021.38,782,10,3,business,0
614,46621.11,42268.56,639,6,2,personal,1
615,25612.3,16665.02,585,13,0,debt_consolidation,1
616,31574.8,4180.12,840,8,2,business,0
617,79842.32,29976.22,696,3,5,personal,1
618,43677.23,7415.65,766,6,2,debt_consolidation,0
619,44648.57,29705.28,626,5,1,business,0
620,38336.45,16968.64,770,6,2,personal,0
621,35007.54,7539.55,738,8,4,personal,0
622,49563.64,9971.86,654,8,2,business,0
623,150120.75,18387.23,543,9,1,home_improvement,0
624,24170.86,16156.6,764,13,1,education,0
625,30033.41,26058.64,664,12,0,education,0
626,30575.95,18086.74,774,5,2,home_improvement,0
627,20000.0,13358.54,652,11,1,personal,0
628,46133.34,14362.54,674,11,2,debt_consolidation,0
629,43929.45,11707.49,708,4,1,home_improvement,0
630,35721.09,19326.29,838,9,2,personal,0
631,67844.25,17920.09,615,3,2,business,1
632,39027.17,15989.62,646,8,0,business,0
633,44991.62,50000.0,636,4,2,personal,1
634,53155.98,17431.13,629,5,4,business,0
635,40886.8,31613.73,675,13,0,education,0
636,114589.14,8470.85,769,8,1,home_improvement,0
637,40157.81,13457.69,650,8,0,education,0
638,67857.36,2985.8,830,11,0,personal,0
639,47240.08,14221.18,785,8,2,home_improvement,0
640,48365.23,8699.54,671,6,0,business,0
641,75761.17,8145.18,621,8,0,home_improvement,0
642,41955.23,15526.48,739,6,2,home_improvement,0
643,47718.17,10078.14,798,10,1,business,0
644,55501.87,4534.91,763,8,1,debt_consolidation,0
645,36485.32,11581.72,625,6,1,business,0
646,62739.36,50000.0,667,4,2,education,0
647,104219.0,17948.75,563,7,0,debt_consolidation,0
648,31973.45,16240.48,574,5,0,education,1
649,35575.21,6052.51,756,8,1,personal,0
650,29112.67,5601.38,727,6,4,education,0
651,121062.83,6938.98,811,5,0,home_improvement,0
652,66289.13,16256.03,585,6,0,personal,0
653,25751.69,5683.73,788,5,1,debt_consolidation,0
654,23205.37,36332.19,784,7,2,education,1
655,67175.33,5923.72,846,7,1,personal,0
656,157310.6,23511.96,749,11,0,education,0
657,47539.36,16111.55,474,6,2,home_improvement,0
658,23388.45,38289.76,724,6,3,home_improvement,1
659,21586.55,6210.19,531,8,0,debt_consolidation,0
660,40987.24,50000.0,505,9,1,business,1
661,24336.02,15259.75,702,6,1,business,0
662,43178.4,30888.98,743,6,1,home_improvement,0
663,63442.03,17584.0,543,9,3,personal,0
664,55972.76,6352.53,505,5,1,debt_consolidation,0
665,61110.96,7801.27,645,2,0,education,0
666,55590.77,13596.66,721,6,2,education,0
667,70530.0,7780.69,678,9,2,personal,0
668,43195.77,14827.07,652,11,2,business,0
669,51555.1,24776.0,583,5,1,home_improvement,0
670,93977.37,32766.43,652,6,1,home_improvement,0
671,72870.76,42998.94,759,4,1,debt_consolidation,0
672,26093.76,12943.06,694,6,2,home_improvement,0
673,32776.91,9933.23,706,4,0,business,0
674,25909.61,3972.36,822,2,1,business,0
675,44317.27,2563.75,838,4,1,personal,0
676,20000.0,12481.05,831,7,2,debt_consolidation,1
677,65847.08,32102.94,850,9,1,debt_consolidation,0
678,30536.69,14539.94,611,10,0,home_improvement,0
679,20073.54,17894.08,584,10,3,education,1
680,143677.25,6535.72,723,5,3,debt_consolidation,0
681,34186.85,9770.65,658,6,2,home_improvement,0
682,20669.35,30292.56,682,6,1,education,0
683,36747.3,18211.33,515,9,1,home_improvement,0
684,107645.74,9649.47,706,9,0,personal,0
685,20000.0,21344.18,647,4,1,debt_consolidation,1
686,80593.06,14549.91,649,11,0,home_improvement,0
687,20217.05,28552.38,668,10,5,personal,1
688,61961.88,18784.83,552,7,1,home_improvement,0
689,27998.59,10621.42,630,11,0,business,0
690,49755.74,11431.89,798,7,0,home_improvement,0
691,38097.17,5115.37,706,6,1,business,0
692,57320.12,4301.93,795,10,1,debt_consolidation,0
693,65266.03,9796.95,585,7,2,home_improvement,0
694,62978.35,34453.29,700,5,5,personal,0
695,33995.11,18024.13,594,5,0,debt_consolidation,0
696,56080.62,10892.51,849,12,1,debt_consolidation,0
697,77899.32,21210.58,590,7,0,business,0
698,43512.06,29172.31,761,5,0,debt_consolidation,0
699,53290.55,8719.63,647,10,1,home_improvement,0
700,27813.08,8748.67,773,8,1,home_improvement,0
701,56519.07,50000.0,573,5,0,business,0
702,35559.8,7153.8,639,10,0,home_improvement,0
703,44157.47,9076.11,731,6,0,business,0
704,48658.01,10400.81,673,11,2,education,0
705,54090.75,6640.41,693,7,2,business,0
706,39824.81,3468.63,646,10,0,personal,0
707,112198.47,14235.85,664,8,1,personal,0
708,30224.56,8606.76,660,6,4,home_improvement,0
709,22081.11,18227.26,619,5,1,education,0
710,25973.36,7444.33,842,7,0,personal,0
711,29387.85,32234.38,811,11,1,personal,0
712,49095.93,12874.72,795,9,0,personal,0
713,120472.17,7417.35,737,12,1,home_improvement,0
714,59242.55,8282.67,761,9,2,debt_consolidation,0
715,42886.81,11197.6,625,5,1,debt_consolidation,1
716,34443.3,34835.65,594,5,2,debt_consolidation,1
717,87497.98,8882.32,783,6,2,home_improvement,0
718,28203.18,4326.81,719,8,3,debt_consolidation,0
719,22084.46,45195.52,784,11,3,business,1
720,31347.7,3778.13,716,8,3,home_improvement,0
721,37288.08,50000.0,623,4,0,home_improvement,1
722,65312.44,3681.42,589,7,2,education,0
723,72939.11,10148.04,728,7,1,personal,0
724,63422.14,9835.41,749,8,0,education,0
725,20000.0,24679.41,729,6,1,debt_consolidation,1
726,48970.96,21789.17,604,7,0,home_improvement,0
727,49915.98,50000.0,702,8,1,home_improvement,0
728,59671.34,4612.73,706,10,1,debt_consolidation,0
729,22814.58,3990.66,630,4,3,personal,0
730,39455.0,27858.44,791,6,2,education,0
731,38913.97,50000.0,672,8,0,personal,1
732,76252.58,31398.28,806,10,1,debt_consolidation,0
733,49411.54,22375.11,715,7,3,education,0
734,34501.31,30673.89,672,7,2,education,1
735,20000.0,5200.97,694,6,1,personal,0
736,24664.27,11350.61,518,12,1,personal,1
737,64752.79,13672.42,684,5,1,home_improvement,0
738,20000.0,12427.35,498,8,2,home_improvement,0
739,20000.0,19356.16,643,6,2,personal,0
740,71317.1,13124.59,717,8,2,debt_consolidation,0
741,67000.06,9785.24,653,5,3,personal,0
742,24616.86,5968.55,806,3,0,home_improvement,0
743,42286.12,12076.53,686,7,1,education,0
744,100359.33,5392.36,738,11,1,debt_consolidation,0
745,49633.15,12507.6,675,9,5,home_improvement,0
746,58053.07,16773.19,715,6,1,debt_consolidation,0
747,102355.42,8413.34,661,13,2,debt_consolidation,0
748,120913.11,22535.13,736,7,1,education,0
749,49073.84,27464.86,779,6,2,home_improvement,0
750,99432.56,9403.92,696,5,4,personal,0
751,75563.82,10226.98,796,4,1,debt_consolidation,0
752,38274.87,22328.28,664,4,0,debt_consolidation,0
753,58806.89,6592.25,789,7,0,education,0
754,20000.0,6152.23,748,5,0,home_improvement,0
755,64844.1,10439.24,667,10,2,debt_consolidation,0
756,37172.6,13193.62,742,10,1,debt_consolidation,0
757,32418.46,9095.33,740,11,3,business,0
758,80987.89,19940.61,756,9,0,business,0
759,29041.6,5152.21,516,5,1,debt_consolidation,0
760,58340.87,18305.66,596,4,1,education,0
761,77190.82,9159.47,661,7,0,personal,0
762,38531.38,40629.87,704,12,0,business,0
763,52904.42,25298.66,731,11,1,business,1
764,33097.63,14594.04,649,16,0,home_improvement,0
765,30476.57,12979.67,747,4,1,personal,1
766,43243.54,9314.8,511,10,2,business,0
767,200000.0,2066.08,571,11,1,personal,0
768,119464.6,14436.36,640,5,3,personal,1
769,37253.0,29595.23,848,8,0,home_improvement,0
770,45466.87,6901.48,754,6,3,debt_consolidation,0
771,39537.13,7506.8,649,5,1,debt_consolidation,0
772,25299.34,14367.48,815,5,1,business,0
773,33475.23,5507.31,602,9,2,home_improvement,1
774,38165.28,8009.44,622,9,0,business,0
775,20000.0,9809.95,702,7,1,business,0
776,41831.34,14572.36,689,13,1,debt_consolidation,0
777,69692.72,50000.0,713,9,0,home_improvement,0
778,128070.53,12919.66,652,5,1,personal,0
779,63513.08,17452.81,735,6,1,debt_consolidation,1
780,31076.23,12672.58,690,4,1,business,0
781,29692.47,16477.04,778,8,1,business,0
782,46868.37,14849.87,745,5,0,education,0
783,49841.56,26288.18,627,9,1,home_improvement,0
784,46016.43,43500.0,586,8,2,personal,0
785,87425.76,12035.39,766,6,1,personal,0
786,60729.92,10350.75,592,7,2,business,0
787,62182.76,50000.0,764,9,2,education,0
788,57834.29,44020.1,659,4,0,education,0
789,34724.03,17085.97,730,5,0,home_improvement,0
790,21496.34,32262.72,631,10,2,business,1
791,45870.45,41836.42,717,6,1,business,0
792,35304.55,11478.77,772,4,2,business,0
793,67453.19,26511.91,645,6,1,home_improvement,0
794,36571.82,15162.83,609,6,0,personal,1
795,87537.04,15476.07,616,5,0,debt_consolidation,0
796,67619.48,23651.38,492,7,0,education,0
797,112718.31,46054.7,612,8,1,personal,0
798,107611.19,19842.31,778,7,1,debt_consolidation,0
799,70794.21,25939.56,544,7,0,personal,0
800,27638.55,25814.39,637,5,2,personal,0
801,39285.86,34246.3,691,1,1,personal,0
802,34488.53,20585.47,689,3,2,personal,0
803,51802.55,16181.44,613,7,0,business,0
804,61425.52,10806.13,785,7,1,personal,1
805,41883.25,21782.53,740,8,2,debt_consolidation,0
806,66065.27,10506.2,602,4,2,debt_consolidation,0
807,35267.19,14713.06,668,7,0,education,0
808,20000.0,6692.56,632,5,4,home_improvement,1
809,54690.28,50000.0,718,2,0,debt_consolidation,0
810,42655.57,6399.65,798,2,2,debt_consolidation,0
811,52192.57,20422.63,720,4,1,debt_consolidation,0
812,72423.67,7991.6,809,5,0,debt_consolidation,0
813,43670.34,5268.11,671,3,2,home_improvement,0
814,26633.66,19316.47,551,6,1,home_improvement,0
815,36470.96,39610.26,622,10,2,personal,1
816,99508.39,8075.28,738,6,0,debt_consolidation,0
817,61040.63,20927.43,674,8,3,debt_consolidation,0
818,87741.06,48952.74,689,5,0,education,0
819,38512.36,50000.0,644,11,2,education,1
820,70774.29,11438.49,636,6,2,education,0
821,79496.31,13507.05,772,7,1,education,0
822,22740.4,15172.04,829,5,1,personal,0
823,56808.99,23255.83,642,4,2,business,0
824,54095.79,12386.4,629,6,1,education,0
825,27266.51,22108.62,749,6,0,education,1
826,27383.05,13457.88,805,3,2,home_improvement,0
827,136021.58,8270.02,768,6,0,debt_consolidation,0
828,53394.87,19179.97,835,6,2,personal,0
829,92216.56,9379.82,773,3,1,debt_consolidation,0
830,70923.52,7001.45,746,8,1,business,0
831,50312.55,14064.44,781,7,2,personal,0
832,29534.29,7923.47,716,9,0,business,0
833,67840.11,10909.91,691,11,1,debt_consolidation,1
834,49245.41,27692.64,727,4,2,home_improvement,1
835,53205.59,9237.48,723,8,0,education,0
836,56211.37,6025.91,628,11,1,debt_consolidation,0
837,58538.26,21093.94,724,9,3,personal,0
838,64362.17,30182.22,695,3,2,education,0
839,31152.51,10300.26,721,6,2,personal,0
840,69674.98,35892.53,684,8,2,business,0
841,70772.2,20869.96,714,7,1,personal,0
842,54365.69,38397.88,707,5,0,home_improvement,1
843,66307.73,7174.76,593,10,3,business,0
844,100862.53,3953.18,625,10,2,debt_consolidation,0
845,74889.44,20159.79,563,12,0,education,0
846,27621.49,13866.85,794,11,1,education,0
847,37449.61,16405.58,679,5,1,home_improvement,0
848,44590.89,18745.88,707,6,1,personal,0
849,36502.03,41139.12,679,3,0,debt_consolidation,1
850,24492.39,8793.1,600,5,0,personal,0
851,78480.11,45380.06,666,12,1,personal,0
852,33012.7,9711.45,680,8,1,home_improvement,1
853,90478.01,19471.32,539,3,1,business,0
854,21840.32,18173.52,721,7,0,business,0
855,72347.27,7942.89,708,9,0,home_improvement,0
856,75189.89,18934.5,652,8,0,home_improvement,0
857,55034.9,6853.13,797,14,0,home_improvement,0
858,43132.78,3494.07,711,8,2,personal,0
859,48737.69,27032.33,752,6,1,personal,1
860,49473.35,28111.46,711,6,1,debt_consolidation,0
861,61752.29,4984.21,712,10,0,home_improvement,0
862,44806.98,11339.3,506,11,1,personal,0
863,48233.94,6249.96,638,4,0,business,0
864,58006.9,21095.41,671,7,2,home_improvement,0
865,49647.75,29466.92,592,2,2,business,1
866,31445.58,7293.28,660,11,1,education,0
867,33089.32,2924.51,753,11,1,debt_consolidation,0
868,47193.6,19036.1,680,7,1,education,0
869,20656.6,20481.14,574,4,1,debt_consolidation,1
870,45614.1,7318.55,718,1,2,home_improvement,0
871,53406.6,9451.05,525,8,1,debt_consolidation,0
872,46830.9,7797.44,727,7,3,personal,0
873,61606.0,13516.62,638,4,1,business,0
874,54242.27,23996.89,831,12,0,personal,0
875,75111.12,17880.07,563,5,3,home_improvement,0
876,53067.73,19647.64,677,5,1,education,0
877,128953.57,5472.51,591,2,3,business,0
878,49776.84,9029.68,649,10,0,home_improvement,0
879,71751.9,30564.66,850,8,4,personal,0
880,44685.97,5778.85,648,1,3,personal,0
881,49914.98,7455.48,584,7,4,debt_consolidation,0
882,30541.76,20834.0,730,9,0,debt_consolidation,0
883,46603.46,3736.4,651,7,2,education,0
884,32378.12,6656.26,651,10,2,debt_consolidation,0
885,87034.92,23249.03,652,7,0,debt_consolidation,0
886,53686.87,4591.55,653,6,2,debt_consolidation,0
887,65188.87,7831.59,772,9,1,education,0
888,20479.82,20414.06,554,5,2,home_improvement,1
889,21758.02,6138.47,685,9,2,business,0
890,41836.69,24317.04,701,8,1,home_improvement,0
891,24099.16,16206.35,692,6,0,home_improvement,1
892,20000.0,11132.25,590,4,1,home_improvement,0
893,73156.57,3537.21,597,13,1,personal,0
894,57647.13,13578.28,654,5,0,business,0
895,32925.36,4457.36,599,7,2,business,0
896,52136.25,4004.52,704,7,2,personal,0
897,122815.0,17625.16,774,7,1,personal,0
898,30812.81,16211.23,684,7,0,debt_consolidation,1
899,77391.74,3272.9,655,4,1,personal,0
900,39040.15,11011.81,509,7,1,education,1
901,36005.49,18592.68,703,5,1,personal,0
902,26188.37,16079.97,616,7,1,debt_consolidation,1
903,52637.7,15356.81,653,5,1,personal,0
904,73354.54,11146.31,620,9,1,education,0
905,57255.06,28344.48,662,9,1,personal,0
906,43983.82,15017.69,696,10,1,home_improvement,0
907,35462.05,29499.41,712,3,0,business,0
908,116447.01,13777.82,764,7,0,education,0
909,37076.15,6029.57,663,4,0,education,0
910,36935.02,15094.12,662,7,0,education,0
911,22438.88,5213.73,778,8,0,home_improvement,1
912,117690.08,18017.53,750,7,1,home_improvement,0
913,21010.83,50000.0,783,5,1,business,1
914,78840.26,13958.24,755,8,0,debt_consolidation,0
915,66145.48,12476.81,850,8,0,business,0
916,38549.73,25136.49,739,8,2,education,0
917,54929.13,15995.2,594,8,0,education,0
918,61875.61,50000.0,739,3,5,education,1
919,152319.73,12980.59,709,4,0,business,0
920,118185.89,16698.32,650,14,1,debt_consolidation,0
921,70907.16,27577.72,642,10,0,debt_consolidation,0
922,55633.5,4803.17,666,6,1,business,0
923,68413.71,22029.71,508,3,1,education,0
924,55137.21,9830.53,476,12,1,business,0
925,58568.64,10805.22,686,0,2,business,0
926,35414.29,22862.84,640,11,1,personal,0
927,47386.35,8215.78,635,10,0,personal,0
928,72381.39,11309.77,652,5,0,home_improvement,0
929,50389.85,12025.25,557,8,4,home_improvement,0
930,62644.43,12588.61,739,3,1,business,0
931,37884.88,8226.07,655,13,0,personal,0
932,47888.36,19736.11,683,10,4,education,0
933,26424.81,5815.11,755,13,0,home_improvement,0
934,72824.62,3581.6,652,6,2,education,0
935,20379.62,10862.3,751,7,1,education,0
936,62327.33,19424.06,709,8,4,home_improvement,0
937,24736.77,19809.88,750,4,0,business,0
938,30509.75,16600.53,757,10,1,personal,0
939,29991.65,10542.14,720,9,1,home_improvement,0
940,75336.53,17688.46,672,10,1,debt_consolidation,0
941,26755.87,12126.58,719,6,1,debt_consolidation,0
942,44680.88,12735.13,596,7,1,education,0
943,39783.28,2275.37,710,8,3,debt_consolidation,0
944,43138.1,9776.56,743,9,2,education,0
945,71255.39,3367.5,603,8,0,personal,0
946,45988.82,50000.0,782,10,0,home_improvement,0
947,45633.31,24410.14,675,4,2,home_improvement,1
948,31068.15,30848.97,710,13,0,personal,1
949,30446.6,9340.4,583,8,1,education,0
950,24320.32,12641.12,502,11,3,business,1
951,41041.82,5383.12,777,7,1,debt_consolidation,0
952,103001.41,5957.86,669,10,0,personal,0
953,53631.88,11101.19,759,6,1,debt_consolidation,0
954,50444.68,9059.21,665,6,1,business,0
955,22511.93,18313.69,610,11,1,education,0
956,85591.36,17625.89,818,6,3,debt_consolidation,0
957,109185.8,10118.53,674,9,2,education,0
958,32262.25,23880.83,689,5,2,business,0
959,30086.97,5951.44,666,8,2,education,0
960,100632.67,5548.28,565,6,0,business,0
961,59494.69,19040.23,723,8,0,home_improvement,0
962,115778.0,19528.13,713,8,3,debt_consolidation,0
963,88365.78,24174.53,751,13,2,debt_consolidation,0
964,20000.0,4874.76,615,10,0,business,0
965,108599.6,7463.07,553,3,2,business,0
966,52325.35,16493.55,725,10,4,personal,0
967,49586.49,16771.52,784,4,3,business,0
968,49828.68,50000.0,551,5,1,business,1
969,47141.84,6530.32,568,3,2,education,0
970,22924.04,50000.0,635,6,2,education,1
971,97985.12,19191.51,560,7,1,debt_consolidation,0
972,37168.27,30202.35,648,6,0,education,0
973,41948.44,20448.39,710,11,2,education,0
974,65433.43,7964.95,738,10,1,debt_consolidation,0
975,117574.99,9048.6,723,9,1,home_improvement,0
976,47012.38,13388.58,668,4,0,personal,1
977,54170.54,4597.55,782,7,1,education,0
978,98779.63,4266.56,527,4,0,home_improvement,0
979,65063.14,8668.11,595,7,1,personal,0
980,61978.38,21810.74,682,8,1,debt_consolidation,0
981,20000.0,8427.1,618,3,3,education,0
982,42240.82,12719.81,668,7,0,education,0
983,53330.83,12040.18,718,5,0,business,0
984,53057.03,27069.02,635,5,2,education,0
985,77501.76,17984.95,636,7,1,education,0
986,26592.71,24297.69,658,8,2,home_improvement,1
987,29390.11,30231.64,750,8,1,home_improvement,0
988,79707.47,6689.96,730,9,1,education,0
989,84518.53,3104.87,744,6,0,personal,0
990,29229.6,10033.53,692,9,2,debt_consolidation,0
991,56082.15,29527.29,694,8,1,home_improvement,0
992,43390.74,21708.47,773,10,0,personal,0
993,35520.82,10255.31,611,5,1,education,0
994,26909.33,50000.0,775,2,2,business,1
995,31307.0,23006.28,693,6,1,home_improvement,0
996,32506.73,8765.11,683,4,3,home_improvement,0
997,106494.53,30202.72,639,7,1,business,0
998,62796.92,4414.24,776,13,0,education,0
999,56504.48,16842.37,747,7,0,home_improvement,0
1000,28001.44,9220.24,571,4,0,education,0
